name,url
삼성전자,http://search.mt.co.kr/searchNewsList.html?srchFd=TOTAL&range=TOTAL&reSrchFlag=&preKwd=&search_type=m&kwd=%BB%EF%BC%BA%C0%FC%C0%DA&bgndt=&enddt=&category=TOTAL&sortType=allwordsyn&subYear=&category=MTNW&subType=mt
SK하이닉스,http://search.mt.co.kr/searchNewsList.html?srchFd=TOTAL&range=TOTAL&reSrchFlag=&preKwd=&search_type=m&kwd=SK%C7%CF%C0%CC%B4%D0%BD%BA&bgndt=&enddt=&category=TOTAL&sortType=allwordsyn&subYear=&category=MTNW&subType=mt
현대차,http://search.mt.co.kr/searchNewsList.html?srchFd=TOTAL&range=TOTAL&reSrchFlag=&preKwd=&search_type=m&kwd=%C7%F6%B4%EB%C2%F7&bgndt=&enddt=&category=TOTAL&sortType=allwordsyn&subYear=&category=MTNW&subType=mt
삼성바이오로직스,http://search.mt.co.kr/searchNewsList.html?srchFd=TOTAL&range=TOTAL&reSrchFlag=&preKwd=&search_type=m&kwd=%BB%EF%BC%BA%B9%D9%C0%CC%BF%C0%B7%CE%C1%F7%BD%BA&bgndt=&enddt=&category=TOTAL&sortType=allwordsyn&subYear=&category=MTNW&subType=mt
셀트리온,http://search.mt.co.kr/searchNewsList.html?srchFd=TOTAL&range=TOTAL&reSrchFlag=&preKwd=&search_type=m&kwd=%BC%BF%C6%AE%B8%AE%BF%C2&bgndt=&enddt=&category=TOTAL&sortType=allwordsyn&subYear=&category=MTNW&subType=mt
LG화학,http://search.mt.co.kr/searchNewsList.html?srchFd=TOTAL&range=TOTAL&reSrchFlag=&preKwd=&search_type=m&kwd=LG%C8%AD%C7%D0&bgndt=&enddt=&category=TOTAL&sortType=allwordsyn&subYear=&category=MTNW&subType=mt
POSCO,http://search.mt.co.kr/searchNewsList.html?srchFd=TOTAL&range=TOTAL&reSrchFlag=&preKwd=&search_type=m&kwd=POSCO&bgndt=&enddt=&category=TOTAL&sortType=allwordsyn&subYear=&category=MTNW&subType=mt
삼성물산,http://search.mt.co.kr/searchNewsList.html?srchFd=TOTAL&range=TOTAL&reSrchFlag=&preKwd=&search_type=m&kwd=%BB%EF%BC%BA%B9%B0%BB%EA&bgndt=&enddt=&category=TOTAL&sortType=allwordsyn&subYear=&category=MTNW&subType=mt
SK텔레콤,http://search.mt.co.kr/searchNewsList.html?srchFd=TOTAL&range=TOTAL&reSrchFlag=&preKwd=&search_type=m&kwd=SK%C5%DA%B7%B9%C4%DE&bgndt=&enddt=&category=TOTAL&sortType=allwordsyn&subYear=&category=MTNW&subType=mt
NAVER,http://search.mt.co.kr/searchNewsList.html?srchFd=TOTAL&range=TOTAL&reSrchFlag=&preKwd=&search_type=m&kwd=NAVER&bgndt=&enddt=&category=TOTAL&sortType=allwordsyn&subYear=&category=MTNW&subType=mt
한국전력,http://search.mt.co.kr/searchNewsList.html?srchFd=TOTAL&range=TOTAL&reSrchFlag=&preKwd=&search_type=m&kwd=%C7%D1%B1%B9%C0%FC%B7%C2&bgndt=&enddt=&category=TOTAL&sortType=allwordsyn&subYear=&category=MTNW&subType=mt
현대모비스,http://search.mt.co.kr/searchNewsList.html?srchFd=TOTAL&range=TOTAL&reSrchFlag=&preKwd=&search_type=m&kwd=%C7%F6%B4%EB%B8%F0%BA%F1%BD%BA&bgndt=&enddt=&category=TOTAL&sortType=allwordsyn&subYear=&category=MTNW&subType=mt
신한지주,http://search.mt.co.kr/searchNewsList.html?srchFd=TOTAL&range=TOTAL&reSrchFlag=&preKwd=&search_type=m&kwd=%BD%C5%C7%D1%C1%F6%C1%D6&bgndt=&enddt=&category=TOTAL&sortType=allwordsyn&subYear=&category=MTNW&subType=mt
KB금융,http://search.mt.co.kr/searchNewsList.html?srchFd=TOTAL&range=TOTAL&reSrchFlag=&preKwd=&search_type=m&kwd=KB%B1%DD%C0%B6&bgndt=&enddt=&category=TOTAL&sortType=allwordsyn&subYear=&category=MTNW&subType=mt
SK,http://search.mt.co.kr/searchNewsList.html?srchFd=TOTAL&range=TOTAL&reSrchFlag=&preKwd=&search_type=m&kwd=SK&bgndt=&enddt=&category=TOTAL&sortType=allwordsyn&subYear=&category=MTNW&subType=mt
삼성생명,http://search.mt.co.kr/searchNewsList.html?srchFd=TOTAL&range=TOTAL&reSrchFlag=&preKwd=&search_type=m&kwd=%BB%EF%BC%BA%BB%FD%B8%ED&bgndt=&enddt=&category=TOTAL&sortType=allwordsyn&subYear=&category=MTNW&subType=mt
LG생활건강,http://search.mt.co.kr/searchNewsList.html?srchFd=TOTAL&range=TOTAL&reSrchFlag=&preKwd=&search_type=m&kwd=LG%BB%FD%C8%B0%B0%C7%B0%AD&bgndt=&enddt=&category=TOTAL&sortType=allwordsyn&subYear=&category=MTNW&subType=mt
SK이노베이션,http://search.mt.co.kr/searchNewsList.html?srchFd=TOTAL&range=TOTAL&reSrchFlag=&preKwd=&search_type=m&kwd=SK%C0%CC%B3%EB%BA%A3%C0%CC%BC%C7&bgndt=&enddt=&category=TOTAL&sortType=allwordsyn&subYear=&category=MTNW&subType=mt
삼성에스디에스,http://search.mt.co.kr/searchNewsList.html?srchFd=TOTAL&range=TOTAL&reSrchFlag=&preKwd=&search_type=m&kwd=%BB%EF%BC%BA%BF%A1%BD%BA%B5%F0%BF%A1%BD%BA&bgndt=&enddt=&category=TOTAL&sortType=allwordsyn&subYear=&category=MTNW&subType=mt
삼성SDI,http://search.mt.co.kr/searchNewsList.html?srchFd=TOTAL&range=TOTAL&reSrchFlag=&preKwd=&search_type=m&kwd=%BB%EF%BC%BASDI&bgndt=&enddt=&category=TOTAL&sortType=allwordsyn&subYear=&category=MTNW&subType=mt
기아차,http://search.mt.co.kr/searchNewsList.html?srchFd=TOTAL&range=TOTAL&reSrchFlag=&preKwd=&search_type=m&kwd=%B1%E2%BE%C6%C2%F7&bgndt=&enddt=&category=TOTAL&sortType=allwordsyn&subYear=&category=MTNW&subType=mt
KT&G,http://search.mt.co.kr/searchNewsList.html?srchFd=TOTAL&range=TOTAL&reSrchFlag=&preKwd=&search_type=m&kwd=KT%26amp%3BG&bgndt=&enddt=&category=TOTAL&sortType=allwordsyn&subYear=&category=MTNW&subType=mt
LG,http://search.mt.co.kr/searchNewsList.html?srchFd=TOTAL&range=TOTAL&reSrchFlag=&preKwd=&search_type=m&kwd=LG&bgndt=&enddt=&category=TOTAL&sortType=allwordsyn&subYear=&category=MTNW&subType=mt
삼성화재,http://search.mt.co.kr/searchNewsList.html?srchFd=TOTAL&range=TOTAL&reSrchFlag=&preKwd=&search_type=m&kwd=%BB%EF%BC%BA%C8%AD%C0%E7&bgndt=&enddt=&category=TOTAL&sortType=allwordsyn&subYear=&category=MTNW&subType=mt
하나금융지주,http://search.mt.co.kr/searchNewsList.html?srchFd=TOTAL&range=TOTAL&reSrchFlag=&preKwd=&search_type=m&kwd=%C7%CF%B3%AA%B1%DD%C0%B6%C1%F6%C1%D6&bgndt=&enddt=&category=TOTAL&sortType=allwordsyn&subYear=&category=MTNW&subType=mt
S-Oil,http://search.mt.co.kr/searchNewsList.html?srchFd=TOTAL&range=TOTAL&reSrchFlag=&preKwd=&search_type=m&kwd=S-Oil&bgndt=&enddt=&category=TOTAL&sortType=allwordsyn&subYear=&category=MTNW&subType=mt
LG전자,http://search.mt.co.kr/searchNewsList.html?srchFd=TOTAL&range=TOTAL&reSrchFlag=&preKwd=&search_type=m&kwd=LG%C0%FC%C0%DA&bgndt=&enddt=&category=TOTAL&sortType=allwordsyn&subYear=&category=MTNW&subType=mt
아모레퍼시픽,http://search.mt.co.kr/searchNewsList.html?srchFd=TOTAL&range=TOTAL&reSrchFlag=&preKwd=&search_type=m&kwd=%BE%C6%B8%F0%B7%B9%C6%DB%BD%C3%C7%C8&bgndt=&enddt=&category=TOTAL&sortType=allwordsyn&subYear=&category=MTNW&subType=mt
엔씨소프트,http://search.mt.co.kr/searchNewsList.html?srchFd=TOTAL&range=TOTAL&reSrchFlag=&preKwd=&search_type=m&kwd=%BF%A3%BE%BE%BC%D2%C7%C1%C6%AE&bgndt=&enddt=&category=TOTAL&sortType=allwordsyn&subYear=&category=MTNW&subType=mt
롯데케미칼,http://search.mt.co.kr/searchNewsList.html?srchFd=TOTAL&range=TOTAL&reSrchFlag=&preKwd=&search_type=m&kwd=%B7%D4%B5%A5%C4%C9%B9%CC%C4%AE&bgndt=&enddt=&category=TOTAL&sortType=allwordsyn&subYear=&category=MTNW&subType=mt
현대중공업,http://search.mt.co.kr/searchNewsList.html?srchFd=TOTAL&range=TOTAL&reSrchFlag=&preKwd=&search_type=m&kwd=%C7%F6%B4%EB%C1%DF%B0%F8%BE%F7&bgndt=&enddt=&category=TOTAL&sortType=allwordsyn&subYear=&category=MTNW&subType=mt
넷마블,http://search.mt.co.kr/searchNewsList.html?srchFd=TOTAL&range=TOTAL&reSrchFlag=&preKwd=&search_type=m&kwd=%B3%DD%B8%B6%BA%ED&bgndt=&enddt=&category=TOTAL&sortType=allwordsyn&subYear=&category=MTNW&subType=mt
카카오,http://search.mt.co.kr/searchNewsList.html?srchFd=TOTAL&range=TOTAL&reSrchFlag=&preKwd=&search_type=m&kwd=%C4%AB%C4%AB%BF%C0&bgndt=&enddt=&category=TOTAL&sortType=allwordsyn&subYear=&category=MTNW&subType=mt
고려아연,http://search.mt.co.kr/searchNewsList.html?srchFd=TOTAL&range=TOTAL&reSrchFlag=&preKwd=&search_type=m&kwd=%B0%ED%B7%C1%BE%C6%BF%AC&bgndt=&enddt=&category=TOTAL&sortType=allwordsyn&subYear=&category=MTNW&subType=mt
기업은행,http://search.mt.co.kr/searchNewsList.html?srchFd=TOTAL&range=TOTAL&reSrchFlag=&preKwd=&search_type=m&kwd=%B1%E2%BE%F7%C0%BA%C7%E0&bgndt=&enddt=&category=TOTAL&sortType=allwordsyn&subYear=&category=MTNW&subType=mt
KT,http://search.mt.co.kr/searchNewsList.html?srchFd=TOTAL&range=TOTAL&reSrchFlag=&preKwd=&search_type=m&kwd=KT&bgndt=&enddt=&category=TOTAL&sortType=allwordsyn&subYear=&category=MTNW&subType=mt
삼성전기,http://search.mt.co.kr/searchNewsList.html?srchFd=TOTAL&range=TOTAL&reSrchFlag=&preKwd=&search_type=m&kwd=%BB%EF%BC%BA%C0%FC%B1%E2&bgndt=&enddt=&category=MTNW&sortType=allwordsyn&subYear=&category=MTNW&subType=mt
LG유플러스,http://search.mt.co.kr/searchNewsList.html?srchFd=TOTAL&range=TOTAL&reSrchFlag=&preKwd=&search_type=m&kwd=LG%C0%AF%C7%C3%B7%AF%BD%BA&bgndt=&enddt=&category=TOTAL&sortType=allwordsyn&subYear=&category=MTNW&subType=mt
강원랜드,http://search.mt.co.kr/searchNewsList.html?srchFd=TOTAL&range=TOTAL&reSrchFlag=&preKwd=&search_type=m&kwd=%B0%AD%BF%F8%B7%A3%B5%E5&bgndt=&enddt=&category=TOTAL&sortType=allwordsyn&subYear=&category=MTNW&subType=mt
LG디스플레이,http://search.mt.co.kr/searchNewsList.html?srchFd=TOTAL&range=TOTAL&reSrchFlag=&preKwd=&search_type=m&kwd=LG%B5%F0%BD%BA%C7%C3%B7%B9%C0%CC&bgndt=&enddt=&category=TOTAL&sortType=allwordsyn&subYear=&category=MTNW&subType=mt
현대건설,http://search.mt.co.kr/searchNewsList.html?srchFd=TOTAL&range=TOTAL&reSrchFlag=&preKwd=&search_type=m&kwd=%C7%F6%B4%EB%B0%C7%BC%B3&bgndt=&enddt=&category=TOTAL&sortType=allwordsyn&subYear=&category=MTNW&subType=mt
현대제철,http://search.mt.co.kr/searchNewsList.html?srchFd=TOTAL&range=TOTAL&reSrchFlag=&preKwd=&search_type=m&kwd=%C7%F6%B4%EB%C1%A6%C3%B6&bgndt=&enddt=&category=TOTAL&sortType=allwordsyn&subYear=&category=MTNW&subType=mt
한온시스템,http://search.mt.co.kr/searchNewsList.html?srchFd=TOTAL&range=TOTAL&reSrchFlag=&preKwd=&search_type=m&kwd=%C7%D1%BF%C2%BD%C3%BD%BA%C5%DB&bgndt=&enddt=&category=TOTAL&sortType=allwordsyn&subYear=&category=MTNW&subType=mt
코웨이,http://search.mt.co.kr/searchNewsList.html?srchFd=TOTAL&range=TOTAL&reSrchFlag=&preKwd=&search_type=m&kwd=%C4%DA%BF%FE%C0%CC&bgndt=&enddt=&category=TOTAL&sortType=allwordsyn&subYear=&category=MTNW&subType=mt
현대중공업지주,http://search.mt.co.kr/searchNewsList.html?srchFd=TOTAL&range=TOTAL&reSrchFlag=&preKwd=&search_type=m&kwd=%C7%F6%B4%EB%C1%DF%B0%F8%BE%F7%C1%F6%C1%D6&bgndt=&enddt=&category=TOTAL&sortType=allwordsyn&subYear=&category=MTNW&subType=mt
현대글로비스,http://search.mt.co.kr/searchNewsList.html?srchFd=TOTAL&range=TOTAL&reSrchFlag=&preKwd=&search_type=m&kwd=%C7%F6%B4%EB%B1%DB%B7%CE%BA%F1%BD%BA&bgndt=&enddt=&category=TOTAL&sortType=allwordsyn&subYear=&category=MTNW&subType=mt
롯데쇼핑,http://search.mt.co.kr/searchNewsList.html?srchFd=TOTAL&range=TOTAL&reSrchFlag=&preKwd=&search_type=m&kwd=%B7%D4%B5%A5%BC%EE%C7%CE&bgndt=&enddt=&category=TOTAL&sortType=allwordsyn&subYear=&category=MTNW&subType=mt
아모레G,http://search.mt.co.kr/searchNewsList.html?srchFd=TOTAL&range=TOTAL&reSrchFlag=&preKwd=&search_type=m&kwd=%BE%C6%B8%F0%B7%B9G&bgndt=&enddt=&category=TOTAL&sortType=allwordsyn&subYear=&category=MTNW&subType=mt
이마트,http://search.mt.co.kr/searchNewsList.html?srchFd=TOTAL&range=TOTAL&reSrchFlag=&preKwd=&search_type=m&kwd=%C0%CC%B8%B6%C6%AE&bgndt=&enddt=&category=TOTAL&sortType=allwordsyn&subYear=&category=MTNW&subType=mt
롯데지주,http://search.mt.co.kr/searchNewsList.html?srchFd=TOTAL&range=TOTAL&reSrchFlag=&preKwd=&search_type=m&kwd=%B7%D4%B5%A5%C1%F6%C1%D6&bgndt=&enddt=&category=TOTAL&sortType=allwordsyn&subYear=&category=MTNW&subType=mt
한국타이어,http://search.mt.co.kr/searchNewsList.html?srchFd=TOTAL&range=TOTAL&reSrchFlag=&preKwd=&search_type=m&kwd=%C7%D1%B1%B9%C5%B8%C0%CC%BE%EE&bgndt=&enddt=&category=TOTAL&sortType=allwordsyn&subYear=&category=MTNW&subType=mt
CJ제일제당,http://search.mt.co.kr/searchNewsList.html?srchFd=TOTAL&range=TOTAL&reSrchFlag=&preKwd=&search_type=m&kwd=CJ%C1%A6%C0%CF%C1%A6%B4%E7&bgndt=&enddt=&category=TOTAL&sortType=allwordsyn&subYear=&category=MTNW&subType=mt
한미약품,http://search.mt.co.kr/searchNewsList.html?srchFd=TOTAL&range=TOTAL&reSrchFlag=&preKwd=&search_type=m&kwd=%C7%D1%B9%CC%BE%E0%C7%B0&bgndt=&enddt=&category=TOTAL&sortType=allwordsyn&subYear=&category=MTNW&subType=mt
삼성중공업,http://search.mt.co.kr/searchNewsList.html?srchFd=TOTAL&range=TOTAL&reSrchFlag=&preKwd=&search_type=m&kwd=%BB%EF%BC%BA%C1%DF%B0%F8%BE%F7&bgndt=&enddt=&category=TOTAL&sortType=allwordsyn&subYear=&category=MTNW&subType=mt
미래에셋대우,http://search.mt.co.kr/searchNewsList.html?srchFd=TOTAL&range=TOTAL&reSrchFlag=&preKwd=&search_type=m&kwd=%B9%CC%B7%A1%BF%A1%BC%C2%B4%EB%BF%EC&bgndt=&enddt=&category=TOTAL&sortType=allwordsyn&subYear=&category=MTNW&subType=mt
한국가스공사,http://search.mt.co.kr/searchNewsList.html?srchFd=TOTAL&range=TOTAL&reSrchFlag=&preKwd=&search_type=m&kwd=%C7%D1%B1%B9%B0%A1%BD%BA%B0%F8%BB%E7&bgndt=&enddt=&category=TOTAL&sortType=allwordsyn&subYear=&category=MTNW&subType=mt
DB손해보험,http://search.mt.co.kr/searchNewsList.html?srchFd=TOTAL&range=TOTAL&reSrchFlag=&preKwd=&search_type=m&kwd=DB%BC%D5%C7%D8%BA%B8%C7%E8&bgndt=&enddt=&category=TOTAL&sortType=allwordsyn&subYear=&category=MTNW&subType=mt
GS,http://search.mt.co.kr/searchNewsList.html?srchFd=TOTAL&range=TOTAL&reSrchFlag=&preKwd=&search_type=m&kwd=GS&bgndt=&enddt=&category=TOTAL&sortType=allwordsyn&subYear=&category=MTNW&subType=mt
한미사이언스,http://search.mt.co.kr/searchNewsList.html?srchFd=TOTAL&range=TOTAL&reSrchFlag=&preKwd=&search_type=m&kwd=%C7%D1%B9%CC%BB%E7%C0%CC%BE%F0%BD%BA&bgndt=&enddt=&category=TOTAL&sortType=allwordsyn&subYear=&category=MTNW&subType=mt
오리온,http://search.mt.co.kr/searchNewsList.html?srchFd=TOTAL&range=TOTAL&reSrchFlag=&preKwd=&search_type=m&kwd=%BF%C0%B8%AE%BF%C2&bgndt=&enddt=&category=TOTAL&sortType=allwordsyn&subYear=&category=MTNW&subType=mt
삼성카드,http://search.mt.co.kr/searchNewsList.html?srchFd=TOTAL&range=TOTAL&reSrchFlag=&preKwd=&search_type=m&kwd=%BB%EF%BC%BA%C4%AB%B5%E5&bgndt=&enddt=&category=TOTAL&sortType=allwordsyn&subYear=&category=MTNW&subType=mt
NH투자증권,http://search.mt.co.kr/searchNewsList.html?srchFd=TOTAL&range=TOTAL&reSrchFlag=&preKwd=&search_type=m&kwd=NH%C5%F5%C0%DA%C1%F5%B1%C7&bgndt=&enddt=&category=TOTAL&sortType=allwordsyn&subYear=&category=MTNW&subType=mt
에스원,http://search.mt.co.kr/searchNewsList.html?srchFd=TOTAL&range=TOTAL&reSrchFlag=&preKwd=&search_type=m&kwd=%BF%A1%BD%BA%BF%F8&bgndt=&enddt=&category=TOTAL&sortType=allwordsyn&subYear=&category=MTNW&subType=mt
CJ대한통운,http://search.mt.co.kr/searchNewsList.html?srchFd=TOTAL&range=TOTAL&reSrchFlag=&preKwd=&search_type=m&kwd=CJ%B4%EB%C7%D1%C5%EB%BF%EE&bgndt=&enddt=&category=TOTAL&sortType=allwordsyn&subYear=&category=MTNW&subType=mt
GS건설,http://search.mt.co.kr/searchNewsList.html?srchFd=TOTAL&range=TOTAL&reSrchFlag=&preKwd=&search_type=m&kwd=GS%B0%C7%BC%B3&bgndt=&enddt=&category=TOTAL&sortType=allwordsyn&subYear=&category=MTNW&subType=mt
한화생명,http://search.mt.co.kr/searchNewsList.html?srchFd=TOTAL&range=TOTAL&reSrchFlag=&preKwd=&search_type=m&kwd=%C7%D1%C8%AD%BB%FD%B8%ED&bgndt=&enddt=&category=TOTAL&sortType=allwordsyn&subYear=&category=MTNW&subType=mt
대우조선해양,http://search.mt.co.kr/searchNewsList.html?srchFd=TOTAL&range=TOTAL&reSrchFlag=&preKwd=&search_type=m&kwd=%B4%EB%BF%EC%C1%B6%BC%B1%C7%D8%BE%E7&bgndt=&enddt=&category=TOTAL&sortType=allwordsyn&subYear=&category=MTNW&subType=mt
대림산업,http://search.mt.co.kr/searchNewsList.html?srchFd=TOTAL&range=TOTAL&reSrchFlag=&preKwd=&search_type=m&kwd=%B4%EB%B8%B2%BB%EA%BE%F7&bgndt=&enddt=&category=TOTAL&sortType=allwordsyn&subYear=&category=MTNW&subType=mt
한국금융지주,http://search.mt.co.kr/searchNewsList.html?srchFd=TOTAL&range=TOTAL&reSrchFlag=&preKwd=&search_type=m&kwd=%C7%D1%B1%B9%B1%DD%C0%B6%C1%F6%C1%D6&bgndt=&enddt=&category=TOTAL&sortType=allwordsyn&subYear=&category=MTNW&subType=mt
CJ,http://search.mt.co.kr/searchNewsList.html?srchFd=TOTAL&range=TOTAL&reSrchFlag=&preKwd=&search_type=m&kwd=CJ&bgndt=&enddt=&category=TOTAL&sortType=allwordsyn&subYear=&category=MTNW&subType=mt
맥쿼리인프라,http://search.mt.co.kr/searchNewsList.html?srchFd=TOTAL&range=TOTAL&reSrchFlag=&preKwd=&search_type=m&kwd=%B8%C6%C4%F5%B8%AE%C0%CE%C7%C1%B6%F3&bgndt=&enddt=&category=TOTAL&sortType=allwordsyn&subYear=&category=MTNW&subType=mt
대한항공,http://search.mt.co.kr/searchNewsList.html?srchFd=TOTAL&range=TOTAL&reSrchFlag=&preKwd=&search_type=m&kwd=%B4%EB%C7%D1%C7%D7%B0%F8&bgndt=&enddt=&category=TOTAL&sortType=allwordsyn&subYear=&category=MTNW&subType=mt
한화케미칼,http://search.mt.co.kr/searchNewsList.html?srchFd=TOTAL&range=TOTAL&reSrchFlag=&preKwd=&search_type=m&kwd=%C7%D1%C8%AD%C4%C9%B9%CC%C4%AE&bgndt=&enddt=&category=TOTAL&sortType=allwordsyn&subYear=&category=MTNW&subType=mt
KCC,http://search.mt.co.kr/searchNewsList.html?srchFd=TOTAL&range=TOTAL&reSrchFlag=&preKwd=&search_type=m&kwd=KCC&bgndt=&enddt=&category=TOTAL&sortType=allwordsyn&subYear=&category=MTNW&subType=mt
현대해상,http://search.mt.co.kr/searchNewsList.html?srchFd=TOTAL&range=TOTAL&reSrchFlag=&preKwd=&search_type=m&kwd=%C7%F6%B4%EB%C7%D8%BB%F3&bgndt=&enddt=&category=TOTAL&sortType=allwordsyn&subYear=&category=MTNW&subType=mt
두산밥캣,http://search.mt.co.kr/searchNewsList.html?srchFd=TOTAL&range=TOTAL&reSrchFlag=&preKwd=&search_type=m&kwd=%B5%CE%BB%EA%B9%E4%C4%B9&bgndt=&enddt=&category=TOTAL&sortType=allwordsyn&subYear=&category=MTNW&subType=mt
한국항공우주,http://search.mt.co.kr/searchNewsList.html?srchFd=TOTAL&range=TOTAL&reSrchFlag=&preKwd=&search_type=m&kwd=%C7%D1%B1%B9%C7%D7%B0%F8%BF%EC%C1%D6&bgndt=&enddt=&category=TOTAL&sortType=allwordsyn&subYear=&category=MTNW&subType=mt
쌍용양회,http://search.mt.co.kr/searchNewsList.html?srchFd=TOTAL&range=TOTAL&reSrchFlag=&preKwd=&search_type=m&kwd=%BD%D6%BF%EB%BE%E7%C8%B8&bgndt=&enddt=&category=TOTAL&sortType=allwordsyn&subYear=&category=MTNW&subType=mt
삼성엔지니어링,http://search.mt.co.kr/searchNewsList.html?srchFd=TOTAL&range=TOTAL&reSrchFlag=&preKwd=&search_type=m&kwd=%BB%EF%BC%BA%BF%A3%C1%F6%B4%CF%BE%EE%B8%B5&bgndt=&enddt=&category=TOTAL&sortType=allwordsyn&subYear=&category=MTNW&subType=mt
BGF리테일,http://search.mt.co.kr/searchNewsList.html?srchFd=TOTAL&range=TOTAL&reSrchFlag=&preKwd=&search_type=m&kwd=BGF%B8%AE%C5%D7%C0%CF&bgndt=&enddt=&category=TOTAL&sortType=allwordsyn&subYear=&category=MTNW&subType=mt
삼성증권,http://search.mt.co.kr/searchNewsList.html?srchFd=TOTAL&range=TOTAL&reSrchFlag=&preKwd=&search_type=m&kwd=%BB%EF%BC%BA%C1%F5%B1%C7&bgndt=&enddt=&category=TOTAL&sortType=allwordsyn&subYear=&category=MTNW&subType=mt
호텔신라,http://search.mt.co.kr/searchNewsList.html?srchFd=TOTAL&range=TOTAL&reSrchFlag=&preKwd=&search_type=m&kwd=%C8%A3%C5%DA%BD%C5%B6%F3&bgndt=&enddt=&category=TOTAL&sortType=allwordsyn&subYear=&category=MTNW&subType=mt
현대엘리베이,http://search.mt.co.kr/searchNewsList.html?srchFd=TOTAL&range=TOTAL&reSrchFlag=&preKwd=&search_type=m&kwd=%C7%F6%B4%EB%BF%A4%B8%AE%BA%A3%C0%CC&bgndt=&enddt=&category=TOTAL&sortType=allwordsyn&subYear=&category=MTNW&subType=mt
유한양행,http://search.mt.co.kr/searchNewsList.html?srchFd=TOTAL&range=TOTAL&reSrchFlag=&preKwd=&search_type=m&kwd=%C0%AF%C7%D1%BE%E7%C7%E0&bgndt=&enddt=&category=TOTAL&sortType=allwordsyn&subYear=&category=MTNW&subType=mt
휠라코리아,http://search.mt.co.kr/searchNewsList.html?srchFd=TOTAL&range=TOTAL&reSrchFlag=&preKwd=&search_type=m&kwd=%C8%D9%B6%F3%C4%DA%B8%AE%BE%C6&bgndt=&enddt=&category=TOTAL&sortType=allwordsyn&subYear=&category=MTNW&subType=mt
오뚜기,http://search.mt.co.kr/searchNewsList.html?srchFd=TOTAL&range=TOTAL&reSrchFlag=&preKwd=&search_type=m&kwd=%BF%C0%B6%D1%B1%E2&bgndt=&enddt=&category=TOTAL&sortType=allwordsyn&subYear=&category=MTNW&subType=mt
GS리테일,http://search.mt.co.kr/searchNewsList.html?srchFd=TOTAL&range=TOTAL&reSrchFlag=&preKwd=&search_type=m&kwd=GS%B8%AE%C5%D7%C0%CF&bgndt=&enddt=&category=TOTAL&sortType=allwordsyn&subYear=&category=MTNW&subType=mt
메리츠종금증권,http://search.mt.co.kr/searchNewsList.html?srchFd=TOTAL&range=TOTAL&reSrchFlag=&preKwd=&search_type=m&kwd=%B8%DE%B8%AE%C3%F7%C1%BE%B1%DD%C1%F5%B1%C7&bgndt=&enddt=&category=TOTAL&sortType=allwordsyn&subYear=&category=MTNW&subType=mt
금호석유,http://search.mt.co.kr/searchNewsList.html?srchFd=TOTAL&range=TOTAL&reSrchFlag=&preKwd=&search_type=m&kwd=%B1%DD%C8%A3%BC%AE%C0%AF&bgndt=&enddt=&category=TOTAL&sortType=allwordsyn&subYear=&category=MTNW&subType=mt
제일기획,http://search.mt.co.kr/searchNewsList.html?srchFd=TOTAL&range=TOTAL&reSrchFlag=&preKwd=&search_type=m&kwd=%C1%A6%C0%CF%B1%E2%C8%B9&bgndt=&enddt=&category=TOTAL&sortType=allwordsyn&subYear=&category=MTNW&subType=mt
신세계,http://search.mt.co.kr/searchNewsList.html?srchFd=TOTAL&range=TOTAL&reSrchFlag=&preKwd=&search_type=m&kwd=%BD%C5%BC%BC%B0%E8&bgndt=&enddt=&category=TOTAL&sortType=allwordsyn&subYear=&category=MTNW&subType=mt
한화,http://search.mt.co.kr/searchNewsList.html?srchFd=TOTAL&range=TOTAL&reSrchFlag=&preKwd=&search_type=m&kwd=%C7%D1%C8%AD&bgndt=&enddt=&category=TOTAL&sortType=allwordsyn&subYear=&category=MTNW&subType=mt
현대미포조선,http://search.mt.co.kr/searchNewsList.html?srchFd=TOTAL&range=TOTAL&reSrchFlag=&preKwd=&search_type=m&kwd=%C7%F6%B4%EB%B9%CC%C6%F7%C1%B6%BC%B1&bgndt=&enddt=&category=TOTAL&sortType=allwordsyn&subYear=&category=MTNW&subType=mt
메리츠화재,http://search.mt.co.kr/searchNewsList.html?srchFd=TOTAL&range=TOTAL&reSrchFlag=&preKwd=&search_type=m&kwd=%B8%DE%B8%AE%C3%F7%C8%AD%C0%E7&bgndt=&enddt=&category=TOTAL&sortType=allwordsyn&subYear=&category=MTNW&subType=mt
대우건설,http://search.mt.co.kr/searchNewsList.html?srchFd=TOTAL&range=TOTAL&reSrchFlag=&preKwd=&search_type=m&kwd=%B4%EB%BF%EC%B0%C7%BC%B3&bgndt=&enddt=&category=TOTAL&sortType=allwordsyn&subYear=&category=MTNW&subType=mt
팬오션,http://search.mt.co.kr/searchNewsList.html?srchFd=TOTAL&range=TOTAL&reSrchFlag=&preKwd=&search_type=m&kwd=%C6%D2%BF%C0%BC%C7&bgndt=&enddt=&category=TOTAL&sortType=allwordsyn&subYear=&category=MTNW&subType=mt
오렌지라이프,http://search.mt.co.kr/searchNewsList.html?srchFd=TOTAL&range=TOTAL&reSrchFlag=&preKwd=&search_type=m&kwd=%BF%C0%B7%BB%C1%F6%B6%F3%C0%CC%C7%C1&bgndt=&enddt=&category=TOTAL&sortType=allwordsyn&subYear=&category=MTNW&subType=mt
포스코대우,http://search.mt.co.kr/searchNewsList.html?srchFd=TOTAL&range=TOTAL&reSrchFlag=&preKwd=&search_type=m&kwd=%C6%F7%BD%BA%C4%DA%B4%EB%BF%EC&bgndt=&enddt=&category=TOTAL&sortType=allwordsyn&subYear=&category=MTNW&subType=mt
현대로템,http://search.mt.co.kr/searchNewsList.html?srchFd=TOTAL&range=TOTAL&reSrchFlag=&preKwd=&search_type=m&kwd=%C7%F6%B4%EB%B7%CE%C5%DB&bgndt=&enddt=&category=TOTAL&sortType=allwordsyn&subYear=&category=MTNW&subType=mt
OCI,http://search.mt.co.kr/searchNewsList.html?srchFd=TOTAL&range=TOTAL&reSrchFlag=&preKwd=&search_type=m&kwd=OCI&bgndt=&enddt=&category=TOTAL&sortType=allwordsyn&subYear=&category=MTNW&subType=mt
